Name,URL
Afghanistan,https://upload.wikimedia.org/wikipedia/commons/thumb/c/cd/Flag_of_Afghanistan_%282013%E2%80%932021%29.svg/220px-Flag_of_Afghanistan_%282013%E2%80%932021%29.svg.png
Albania,https://upload.wikimedia.org/wikipedia/commons/thumb/3/36/Flag_of_Albania.svg/220px-Flag_of_Albania.svg.png
Algeria,https://upload.wikimedia.org/wikipedia/commons/thumb/7/77/Flag_of_Algeria.svg/220px-Flag_of_Algeria.svg.png
Andorra,https://upload.wikimedia.org/wikipedia/commons/thumb/1/19/Flag_of_Andorra.svg/220px-Flag_of_Andorra.svg.png
Angola,https://upload.wikimedia.org/wikipedia/commons/thumb/9/9d/Flag_of_Angola.svg/220px-Flag_of_Angola.svg.png
Antigua and Barbuda,https://upload.wikimedia.org/wikipedia/commons/thumb/8/89/Flag_of_Antigua_and_Barbuda.svg/220px-Flag_of_Antigua_and_Barbuda.svg.png
Argentina,https://upload.wikimedia.org/wikipedia/commons/thumb/1/1a/Flag_of_Argentina.svg/220px-Flag_of_Argentina.svg.png
Armenia,https://upload.wikimedia.org/wikipedia/commons/thumb/2/2f/Flag_of_Armenia.svg/220px-Flag_of_Armenia.svg.png
Australia[e],https://upload.wikimedia.org/wikipedia/commons/thumb/8/88/Flag_of_Australia_%28converted%29.svg/220px-Flag_of_Australia_%28converted%29.svg.png
Azerbaijan,https://upload.wikimedia.org/wikipedia/commons/thumb/d/dd/Flag_of_Azerbaijan.svg/220px-Flag_of_Azerbaijan.svg.png
Bahamas,https://upload.wikimedia.org/wikipedia/commons/thumb/9/93/Flag_of_the_Bahamas.svg/220px-Flag_of_the_Bahamas.svg.png
Bahrain,https://upload.wikimedia.org/wikipedia/commons/thumb/2/2c/Flag_of_Bahrain.svg/220px-Flag_of_Bahrain.svg.png
Bangladesh,https://upload.wikimedia.org/wikipedia/commons/thumb/f/f9/Flag_of_Bangladesh.svg/220px-Flag_of_Bangladesh.svg.png
Barbados,https://upload.wikimedia.org/wikipedia/commons/thumb/e/ef/Flag_of_Barbados.svg/220px-Flag_of_Barbados.svg.png
Belarus,https://upload.wikimedia.org/wikipedia/commons/thumb/8/85/Flag_of_Belarus.svg/220px-Flag_of_Belarus.svg.png
Belgium,https://upload.wikimedia.org/wikipedia/commons/thumb/6/65/Flag_of_Belgium.svg/220px-Flag_of_Belgium.svg.png
Belize,https://upload.wikimedia.org/wikipedia/commons/thumb/e/e7/Flag_of_Belize.svg/220px-Flag_of_Belize.svg.png
Benin,https://upload.wikimedia.org/wikipedia/commons/thumb/0/0a/Flag_of_Benin.svg/220px-Flag_of_Benin.svg.png
Bhutan,https://upload.wikimedia.org/wikipedia/commons/thumb/9/91/Flag_of_Bhutan.svg/220px-Flag_of_Bhutan.svg.png
Wiphala,https://upload.wikimedia.org/wikipedia/commons/thumb/6/65/Wiphala.svg/220px-Wiphala.svg.png
Bosnia and Herzegovina,https://upload.wikimedia.org/wikipedia/commons/thumb/b/bf/Flag_of_Bosnia_and_Herzegovina.svg/220px-Flag_of_Bosnia_and_Herzegovina.svg.png
Botswana,https://upload.wikimedia.org/wikipedia/commons/thumb/f/fa/Flag_of_Botswana.svg/220px-Flag_of_Botswana.svg.png
Brazil,https://upload.wikimedia.org/wikipedia/en/thumb/0/05/Flag_of_Brazil.svg/220px-Flag_of_Brazil.svg.png
Brunei,https://upload.wikimedia.org/wikipedia/commons/thumb/9/9c/Flag_of_Brunei.svg/220px-Flag_of_Brunei.svg.png
Bulgaria,https://upload.wikimedia.org/wikipedia/commons/thumb/9/9a/Flag_of_Bulgaria.svg/220px-Flag_of_Bulgaria.svg.png
Burkina Faso,https://upload.wikimedia.org/wikipedia/commons/thumb/3/31/Flag_of_Burkina_Faso.svg/220px-Flag_of_Burkina_Faso.svg.png
Burundi,https://upload.wikimedia.org/wikipedia/commons/thumb/5/50/Flag_of_Burundi.svg/220px-Flag_of_Burundi.svg.png
Cambodia,https://upload.wikimedia.org/wikipedia/commons/thumb/8/83/Flag_of_Cambodia.svg/220px-Flag_of_Cambodia.svg.png
Cameroon,https://upload.wikimedia.org/wikipedia/commons/thumb/4/4f/Flag_of_Cameroon.svg/220px-Flag_of_Cameroon.svg.png
Canada,https://upload.wikimedia.org/wikipedia/en/thumb/c/cf/Flag_of_Canada.svg/220px-Flag_of_Canada.svg.png
Cape Verde,https://upload.wikimedia.org/wikipedia/commons/thumb/3/38/Flag_of_Cape_Verde.svg/220px-Flag_of_Cape_Verde.svg.png
Central African Republic,https://upload.wikimedia.org/wikipedia/commons/thumb/6/6f/Flag_of_the_Central_African_Republic.svg/220px-Flag_of_the_Central_African_Republic.svg.png
Chad,https://upload.wikimedia.org/wikipedia/commons/thumb/4/4b/Flag_of_Chad.svg/220px-Flag_of_Chad.svg.png
Chile,https://upload.wikimedia.org/wikipedia/commons/thumb/7/78/Flag_of_Chile.svg/220px-Flag_of_Chile.svg.png
China,https://upload.wikimedia.org/wikipedia/commons/thumb/f/fa/Flag_of_the_People%27s_Republic_of_China.svg/220px-Flag_of_the_People%27s_Republic_of_China.svg.png
Colombia,https://upload.wikimedia.org/wikipedia/commons/thumb/2/21/Flag_of_Colombia.svg/220px-Flag_of_Colombia.svg.png
Comoros,https://upload.wikimedia.org/wikipedia/commons/thumb/9/94/Flag_of_the_Comoros.svg/220px-Flag_of_the_Comoros.svg.png
Democratic Republic the Congo,https://upload.wikimedia.org/wikipedia/commons/thumb/6/6f/Flag_of_the_Democratic_Republic_of_the_Congo.svg/220px-Flag_of_the_Democratic_Republic_of_the_Congo.svg.png
Republic the Congo,https://upload.wikimedia.org/wikipedia/commons/thumb/9/92/Flag_of_the_Republic_of_the_Congo.svg/220px-Flag_of_the_Republic_of_the_Congo.svg.png
Croatia,https://upload.wikimedia.org/wikipedia/commons/thumb/1/1b/Flag_of_Croatia.svg/220px-Flag_of_Croatia.svg.png
Cuba,https://upload.wikimedia.org/wikipedia/commons/thumb/b/bd/Flag_of_Cuba.svg/220px-Flag_of_Cuba.svg.png
Cyprus,https://upload.wikimedia.org/wikipedia/commons/thumb/d/d4/Flag_of_Cyprus.svg/220px-Flag_of_Cyprus.svg.png
Czech Republic,https://upload.wikimedia.org/wikipedia/commons/thumb/c/cb/Flag_of_the_Czech_Republic.svg/220px-Flag_of_the_Czech_Republic.svg.png
Denmark,https://upload.wikimedia.org/wikipedia/commons/thumb/9/9c/Flag_of_Denmark.svg/220px-Flag_of_Denmark.svg.png
Djibouti,https://upload.wikimedia.org/wikipedia/commons/thumb/3/34/Flag_of_Djibouti.svg/220px-Flag_of_Djibouti.svg.png
Dominica,https://upload.wikimedia.org/wikipedia/commons/thumb/d/d1/Flag_of_Dominica_%28variant_6%29.svg/220px-Flag_of_Dominica_%28variant_6%29.svg.png
Dominican Republic,https://upload.wikimedia.org/wikipedia/commons/thumb/9/9f/Flag_of_the_Dominican_Republic.svg/220px-Flag_of_the_Dominican_Republic.svg.png
East Timor,https://upload.wikimedia.org/wikipedia/commons/thumb/2/26/Flag_of_East_Timor.svg/220px-Flag_of_East_Timor.svg.png
Ecuador,https://upload.wikimedia.org/wikipedia/commons/thumb/e/e8/Flag_of_Ecuador.svg/220px-Flag_of_Ecuador.svg.png
Egypt,https://upload.wikimedia.org/wikipedia/commons/thumb/f/fe/Flag_of_Egypt.svg/220px-Flag_of_Egypt.svg.png
El Salvador,https://upload.wikimedia.org/wikipedia/commons/thumb/3/34/Flag_of_El_Salvador.svg/220px-Flag_of_El_Salvador.svg.png
Equatorial Guinea,https://upload.wikimedia.org/wikipedia/commons/thumb/3/31/Flag_of_Equatorial_Guinea.svg/220px-Flag_of_Equatorial_Guinea.svg.png
Eritrea,https://upload.wikimedia.org/wikipedia/commons/thumb/2/29/Flag_of_Eritrea.svg/220px-Flag_of_Eritrea.svg.png
Estonia,https://upload.wikimedia.org/wikipedia/commons/thumb/8/8f/Flag_of_Estonia.svg/220px-Flag_of_Estonia.svg.png
Eswatini,https://upload.wikimedia.org/wikipedia/commons/thumb/f/fb/Flag_of_Eswatini.svg/220px-Flag_of_Eswatini.svg.png
Ethiopia,https://upload.wikimedia.org/wikipedia/commons/thumb/7/71/Flag_of_Ethiopia.svg/220px-Flag_of_Ethiopia.svg.png
Fiji,https://upload.wikimedia.org/wikipedia/commons/thumb/b/ba/Flag_of_Fiji.svg/220px-Flag_of_Fiji.svg.png
Finland,https://upload.wikimedia.org/wikipedia/commons/thumb/b/bc/Flag_of_Finland.svg/220px-Flag_of_Finland.svg.png
France,https://upload.wikimedia.org/wikipedia/en/thumb/c/c3/Flag_of_France.svg/220px-Flag_of_France.svg.png
Gabon,https://upload.wikimedia.org/wikipedia/commons/thumb/0/04/Flag_of_Gabon.svg/220px-Flag_of_Gabon.svg.png
Gambia,https://upload.wikimedia.org/wikipedia/commons/thumb/7/77/Flag_of_The_Gambia.svg/220px-Flag_of_The_Gambia.svg.png
Georgia,https://upload.wikimedia.org/wikipedia/commons/thumb/0/0f/Flag_of_Georgia.svg/220px-Flag_of_Georgia.svg.png
Germany,https://upload.wikimedia.org/wikipedia/en/thumb/b/ba/Flag_of_Germany.svg/220px-Flag_of_Germany.svg.png
Ghana,https://upload.wikimedia.org/wikipedia/commons/thumb/1/19/Flag_of_Ghana.svg/220px-Flag_of_Ghana.svg.png
Greece,https://upload.wikimedia.org/wikipedia/commons/thumb/5/5c/Flag_of_Greece.svg/220px-Flag_of_Greece.svg.png
Grenada,https://upload.wikimedia.org/wikipedia/commons/thumb/b/bc/Flag_of_Grenada.svg/220px-Flag_of_Grenada.svg.png
Guatemala,https://upload.wikimedia.org/wikipedia/commons/thumb/e/ec/Flag_of_Guatemala.svg/220px-Flag_of_Guatemala.svg.png
Guinea,https://upload.wikimedia.org/wikipedia/commons/thumb/e/ed/Flag_of_Guinea.svg/220px-Flag_of_Guinea.svg.png
Guinea-Bissau,https://upload.wikimedia.org/wikipedia/commons/thumb/0/01/Flag_of_Guinea-Bissau.svg/220px-Flag_of_Guinea-Bissau.svg.png
Guyana,https://upload.wikimedia.org/wikipedia/commons/thumb/9/99/Flag_of_Guyana.svg/220px-Flag_of_Guyana.svg.png
Haiti,https://upload.wikimedia.org/wikipedia/commons/thumb/5/56/Flag_of_Haiti.svg/220px-Flag_of_Haiti.svg.png
Honduras,https://upload.wikimedia.org/wikipedia/commons/thumb/8/82/Flag_of_Honduras.svg/220px-Flag_of_Honduras.svg.png
Hungary,https://upload.wikimedia.org/wikipedia/commons/thumb/c/c1/Flag_of_Hungary.svg/220px-Flag_of_Hungary.svg.png
Iceland,https://upload.wikimedia.org/wikipedia/commons/thumb/c/ce/Flag_of_Iceland.svg/220px-Flag_of_Iceland.svg.png
India,https://upload.wikimedia.org/wikipedia/en/thumb/4/41/Flag_of_India.svg/220px-Flag_of_India.svg.png
Indonesia,https://upload.wikimedia.org/wikipedia/commons/thumb/9/9f/Flag_of_Indonesia.svg/220px-Flag_of_Indonesia.svg.png
Iran,https://upload.wikimedia.org/wikipedia/commons/thumb/c/ca/Flag_of_Iran.svg/220px-Flag_of_Iran.svg.png
Iraq,https://upload.wikimedia.org/wikipedia/commons/thumb/f/f6/Flag_of_Iraq.svg/220px-Flag_of_Iraq.svg.png
Ireland,https://upload.wikimedia.org/wikipedia/commons/thumb/4/45/Flag_of_Ireland.svg/220px-Flag_of_Ireland.svg.png
Israel,https://upload.wikimedia.org/wikipedia/commons/thumb/d/d4/Flag_of_Israel.svg/220px-Flag_of_Israel.svg.png
Italy,https://upload.wikimedia.org/wikipedia/en/thumb/0/03/Flag_of_Italy.svg/220px-Flag_of_Italy.svg.png
Ivory Coast,https://upload.wikimedia.org/wikipedia/commons/thumb/f/fe/Flag_of_C%C3%B4te_d%27Ivoire.svg/220px-Flag_of_C%C3%B4te_d%27Ivoire.svg.png
Jamaica,https://upload.wikimedia.org/wikipedia/commons/thumb/0/0a/Flag_of_Jamaica.svg/220px-Flag_of_Jamaica.svg.png
Japan,https://upload.wikimedia.org/wikipedia/en/thumb/9/9e/Flag_of_Japan.svg/220px-Flag_of_Japan.svg.png
Jordan,https://upload.wikimedia.org/wikipedia/commons/thumb/c/c0/Flag_of_Jordan.svg/220px-Flag_of_Jordan.svg.png
Kazakhstan,https://upload.wikimedia.org/wikipedia/commons/thumb/d/d3/Flag_of_Kazakhstan.svg/220px-Flag_of_Kazakhstan.svg.png
Kenya,https://upload.wikimedia.org/wikipedia/commons/thumb/4/49/Flag_of_Kenya.svg/220px-Flag_of_Kenya.svg.png
Kiribati,https://upload.wikimedia.org/wikipedia/commons/thumb/d/d3/Flag_of_Kiribati.svg/220px-Flag_of_Kiribati.svg.png
Kuwait,https://upload.wikimedia.org/wikipedia/commons/thumb/a/aa/Flag_of_Kuwait.svg/220px-Flag_of_Kuwait.svg.png
Kyrgyzstan,https://upload.wikimedia.org/wikipedia/commons/thumb/c/c7/Flag_of_Kyrgyzstan.svg/220px-Flag_of_Kyrgyzstan.svg.png
Laos,https://upload.wikimedia.org/wikipedia/commons/thumb/5/56/Flag_of_Laos.svg/220px-Flag_of_Laos.svg.png
Latvia,https://upload.wikimedia.org/wikipedia/commons/thumb/8/84/Flag_of_Latvia.svg/220px-Flag_of_Latvia.svg.png
Lebanon,https://upload.wikimedia.org/wikipedia/commons/thumb/5/59/Flag_of_Lebanon.svg/220px-Flag_of_Lebanon.svg.png
Lesotho,https://upload.wikimedia.org/wikipedia/commons/thumb/4/4a/Flag_of_Lesotho.svg/220px-Flag_of_Lesotho.svg.png
Liberia,https://upload.wikimedia.org/wikipedia/commons/thumb/b/b8/Flag_of_Liberia.svg/220px-Flag_of_Liberia.svg.png
Libya,https://upload.wikimedia.org/wikipedia/commons/thumb/0/05/Flag_of_Libya.svg/220px-Flag_of_Libya.svg.png
Liechtenstein,https://upload.wikimedia.org/wikipedia/commons/thumb/4/47/Flag_of_Liechtenstein.svg/220px-Flag_of_Liechtenstein.svg.png
Lithuania,https://upload.wikimedia.org/wikipedia/commons/thumb/1/11/Flag_of_Lithuania.svg/220px-Flag_of_Lithuania.svg.png
Luxembourg,https://upload.wikimedia.org/wikipedia/commons/thumb/d/da/Flag_of_Luxembourg.svg/220px-Flag_of_Luxembourg.svg.png
Madagascar,https://upload.wikimedia.org/wikipedia/commons/thumb/b/bc/Flag_of_Madagascar.svg/220px-Flag_of_Madagascar.svg.png
Malawi,https://upload.wikimedia.org/wikipedia/commons/thumb/d/d1/Flag_of_Malawi.svg/220px-Flag_of_Malawi.svg.png
Malaysia,https://upload.wikimedia.org/wikipedia/commons/thumb/6/66/Flag_of_Malaysia.svg/220px-Flag_of_Malaysia.svg.png
Maldives,https://upload.wikimedia.org/wikipedia/commons/thumb/0/0f/Flag_of_Maldives.svg/220px-Flag_of_Maldives.svg.png
Mali,https://upload.wikimedia.org/wikipedia/commons/thumb/9/92/Flag_of_Mali.svg/220px-Flag_of_Mali.svg.png
Malta,https://upload.wikimedia.org/wikipedia/commons/thumb/7/73/Flag_of_Malta.svg/220px-Flag_of_Malta.svg.png
Marshall Islands,https://upload.wikimedia.org/wikipedia/commons/thumb/2/2e/Flag_of_the_Marshall_Islands.svg/220px-Flag_of_the_Marshall_Islands.svg.png
Mauritania,https://upload.wikimedia.org/wikipedia/commons/thumb/4/43/Flag_of_Mauritania.svg/220px-Flag_of_Mauritania.svg.png
Mauritius,https://upload.wikimedia.org/wikipedia/commons/thumb/7/77/Flag_of_Mauritius.svg/220px-Flag_of_Mauritius.svg.png
Mexico,https://upload.wikimedia.org/wikipedia/commons/thumb/f/fc/Flag_of_Mexico.svg/220px-Flag_of_Mexico.svg.png
Federated States Micronesia,https://upload.wikimedia.org/wikipedia/commons/thumb/e/e4/Flag_of_the_Federated_States_of_Micronesia.svg/220px-Flag_of_the_Federated_States_of_Micronesia.svg.png
Moldova,https://upload.wikimedia.org/wikipedia/commons/thumb/2/27/Flag_of_Moldova.svg/220px-Flag_of_Moldova.svg.png
Monaco,https://upload.wikimedia.org/wikipedia/commons/thumb/e/ea/Flag_of_Monaco.svg/220px-Flag_of_Monaco.svg.png
Mongolia,https://upload.wikimedia.org/wikipedia/commons/thumb/4/4c/Flag_of_Mongolia.svg/220px-Flag_of_Mongolia.svg.png
Montenegro,https://upload.wikimedia.org/wikipedia/commons/thumb/6/64/Flag_of_Montenegro.svg/220px-Flag_of_Montenegro.svg.png
Morocco,https://upload.wikimedia.org/wikipedia/commons/thumb/2/2c/Flag_of_Morocco.svg/220px-Flag_of_Morocco.svg.png
Mozambique,https://upload.wikimedia.org/wikipedia/commons/thumb/d/d0/Flag_of_Mozambique.svg/220px-Flag_of_Mozambique.svg.png
Myanmar,https://upload.wikimedia.org/wikipedia/commons/thumb/8/8c/Flag_of_Myanmar.svg/220px-Flag_of_Myanmar.svg.png
Namibia,https://upload.wikimedia.org/wikipedia/commons/thumb/0/00/Flag_of_Namibia.svg/220px-Flag_of_Namibia.svg.png
Nauru,https://upload.wikimedia.org/wikipedia/commons/thumb/3/30/Flag_of_Nauru.svg/220px-Flag_of_Nauru.svg.png
Nepal,https://upload.wikimedia.org/wikipedia/commons/thumb/9/9b/Flag_of_Nepal.svg/220px-Flag_of_Nepal.svg.png
Netherlands,https://upload.wikimedia.org/wikipedia/commons/thumb/2/20/Flag_of_the_Netherlands.svg/220px-Flag_of_the_Netherlands.svg.png
New Zealand,https://upload.wikimedia.org/wikipedia/commons/thumb/3/3e/Flag_of_New_Zealand.svg/220px-Flag_of_New_Zealand.svg.png
Nicaragua,https://upload.wikimedia.org/wikipedia/commons/thumb/1/19/Flag_of_Nicaragua.svg/220px-Flag_of_Nicaragua.svg.png
Niger,https://upload.wikimedia.org/wikipedia/commons/thumb/f/f4/Flag_of_Niger.svg/220px-Flag_of_Niger.svg.png
Nigeria,https://upload.wikimedia.org/wikipedia/commons/thumb/7/79/Flag_of_Nigeria.svg/220px-Flag_of_Nigeria.svg.png
North Korea,https://upload.wikimedia.org/wikipedia/commons/thumb/5/51/Flag_of_North_Korea.svg/220px-Flag_of_North_Korea.svg.png
North Macedonia,https://upload.wikimedia.org/wikipedia/commons/thumb/7/79/Flag_of_North_Macedonia.svg/220px-Flag_of_North_Macedonia.svg.png
Norway,https://upload.wikimedia.org/wikipedia/commons/thumb/d/d9/Flag_of_Norway.svg/220px-Flag_of_Norway.svg.png
Oman,https://upload.wikimedia.org/wikipedia/commons/thumb/d/dd/Flag_of_Oman.svg/220px-Flag_of_Oman.svg.png
Pakistan,https://upload.wikimedia.org/wikipedia/commons/thumb/3/32/Flag_of_Pakistan.svg/220px-Flag_of_Pakistan.svg.png
Palau,https://upload.wikimedia.org/wikipedia/commons/thumb/4/48/Flag_of_Palau.svg/220px-Flag_of_Palau.svg.png
Palestine,https://upload.wikimedia.org/wikipedia/commons/thumb/0/00/Flag_of_Palestine.svg/220px-Flag_of_Palestine.svg.png
Panama,https://upload.wikimedia.org/wikipedia/commons/thumb/a/ab/Flag_of_Panama.svg/220px-Flag_of_Panama.svg.png
Papua New Guinea,https://upload.wikimedia.org/wikipedia/commons/thumb/e/e3/Flag_of_Papua_New_Guinea.svg/220px-Flag_of_Papua_New_Guinea.svg.png
Paraguay (obverse),https://upload.wikimedia.org/wikipedia/commons/thumb/2/27/Flag_of_Paraguay.svg/220px-Flag_of_Paraguay.svg.png
Paraguay (reverse),https://upload.wikimedia.org/wikipedia/commons/thumb/f/f1/Flag_of_Paraguay_%28reverse%29.svg/220px-Flag_of_Paraguay_%28reverse%29.svg.png
Philippines,https://upload.wikimedia.org/wikipedia/commons/thumb/9/99/Flag_of_the_Philippines.svg/220px-Flag_of_the_Philippines.svg.png
Poland,https://upload.wikimedia.org/wikipedia/en/thumb/1/12/Flag_of_Poland.svg/220px-Flag_of_Poland.svg.png
Portugal,https://upload.wikimedia.org/wikipedia/commons/thumb/5/5c/Flag_of_Portugal.svg/220px-Flag_of_Portugal.svg.png
Qatar,https://upload.wikimedia.org/wikipedia/commons/thumb/6/65/Flag_of_Qatar.svg/220px-Flag_of_Qatar.svg.png
Romania,https://upload.wikimedia.org/wikipedia/commons/thumb/7/73/Flag_of_Romania.svg/220px-Flag_of_Romania.svg.png
Russia,https://upload.wikimedia.org/wikipedia/en/thumb/f/f3/Flag_of_Russia.svg/220px-Flag_of_Russia.svg.png
Rwanda,https://upload.wikimedia.org/wikipedia/commons/thumb/1/17/Flag_of_Rwanda.svg/220px-Flag_of_Rwanda.svg.png
Saint Kitts and Nevis,https://upload.wikimedia.org/wikipedia/commons/thumb/f/fe/Flag_of_Saint_Kitts_and_Nevis.svg/220px-Flag_of_Saint_Kitts_and_Nevis.svg.png
Saint Lucia,https://upload.wikimedia.org/wikipedia/commons/thumb/9/9f/Flag_of_Saint_Lucia.svg/220px-Flag_of_Saint_Lucia.svg.png
Saint Vincent and the Grenadines,https://upload.wikimedia.org/wikipedia/commons/thumb/6/6d/Flag_of_Saint_Vincent_and_the_Grenadines.svg/220px-Flag_of_Saint_Vincent_and_the_Grenadines.svg.png
Samoa,https://upload.wikimedia.org/wikipedia/commons/thumb/3/31/Flag_of_Samoa.svg/220px-Flag_of_Samoa.svg.png
San Marino,https://upload.wikimedia.org/wikipedia/commons/thumb/b/b1/Flag_of_San_Marino.svg/220px-Flag_of_San_Marino.svg.png
São Tomé and Príncipe,https://upload.wikimedia.org/wikipedia/commons/thumb/0/0a/Flag_of_S%C3%A3o_Tom%C3%A9_and_Pr%C3%ADncipe.svg/220px-Flag_of_S%C3%A3o_Tom%C3%A9_and_Pr%C3%ADncipe.svg.png
Saudi Arabia,https://upload.wikimedia.org/wikipedia/commons/thumb/0/0d/Flag_of_Saudi_Arabia.svg/220px-Flag_of_Saudi_Arabia.svg.png
Senegal,https://upload.wikimedia.org/wikipedia/commons/thumb/f/fd/Flag_of_Senegal.svg/220px-Flag_of_Senegal.svg.png
Serbia,https://upload.wikimedia.org/wikipedia/commons/thumb/f/ff/Flag_of_Serbia.svg/220px-Flag_of_Serbia.svg.png
Seychelles,https://upload.wikimedia.org/wikipedia/commons/thumb/f/fc/Flag_of_Seychelles.svg/220px-Flag_of_Seychelles.svg.png
Sierra Leone,https://upload.wikimedia.org/wikipedia/commons/thumb/1/17/Flag_of_Sierra_Leone.svg/220px-Flag_of_Sierra_Leone.svg.png
Singapore,https://upload.wikimedia.org/wikipedia/commons/thumb/4/48/Flag_of_Singapore.svg/220px-Flag_of_Singapore.svg.png
Slovakia,https://upload.wikimedia.org/wikipedia/commons/thumb/e/e6/Flag_of_Slovakia.svg/220px-Flag_of_Slovakia.svg.png
Slovenia,https://upload.wikimedia.org/wikipedia/commons/thumb/f/f0/Flag_of_Slovenia.svg/220px-Flag_of_Slovenia.svg.png
Solomon Islands,https://upload.wikimedia.org/wikipedia/commons/thumb/7/74/Flag_of_the_Solomon_Islands.svg/220px-Flag_of_the_Solomon_Islands.svg.png
Somalia,https://upload.wikimedia.org/wikipedia/commons/thumb/a/a0/Flag_of_Somalia.svg/220px-Flag_of_Somalia.svg.png
South Africa,https://upload.wikimedia.org/wikipedia/commons/thumb/a/af/Flag_of_South_Africa.svg/220px-Flag_of_South_Africa.svg.png
South Korea,https://upload.wikimedia.org/wikipedia/commons/thumb/0/09/Flag_of_South_Korea.svg/220px-Flag_of_South_Korea.svg.png
South Sudan,https://upload.wikimedia.org/wikipedia/commons/thumb/7/7a/Flag_of_South_Sudan.svg/220px-Flag_of_South_Sudan.svg.png
Spain,https://upload.wikimedia.org/wikipedia/en/thumb/9/9a/Flag_of_Spain.svg/220px-Flag_of_Spain.svg.png
Sri Lanka,https://upload.wikimedia.org/wikipedia/commons/thumb/1/11/Flag_of_Sri_Lanka.svg/220px-Flag_of_Sri_Lanka.svg.png
Sudan,https://upload.wikimedia.org/wikipedia/commons/thumb/0/01/Flag_of_Sudan.svg/220px-Flag_of_Sudan.svg.png
Suriname,https://upload.wikimedia.org/wikipedia/commons/thumb/6/60/Flag_of_Suriname.svg/220px-Flag_of_Suriname.svg.png
Sweden,https://upload.wikimedia.org/wikipedia/en/thumb/4/4c/Flag_of_Sweden.svg/220px-Flag_of_Sweden.svg.png
Switzerland,https://upload.wikimedia.org/wikipedia/commons/thumb/f/f3/Flag_of_Switzerland.svg/220px-Flag_of_Switzerland.svg.png
Syria,https://upload.wikimedia.org/wikipedia/commons/thumb/5/53/Flag_of_Syria.svg/220px-Flag_of_Syria.svg.png
Tajikistan,https://upload.wikimedia.org/wikipedia/commons/thumb/d/d0/Flag_of_Tajikistan.svg/220px-Flag_of_Tajikistan.svg.png
Tanzania,https://upload.wikimedia.org/wikipedia/commons/thumb/3/38/Flag_of_Tanzania.svg/220px-Flag_of_Tanzania.svg.png
Thailand,https://upload.wikimedia.org/wikipedia/commons/thumb/a/a9/Flag_of_Thailand.svg/220px-Flag_of_Thailand.svg.png
Tonga,https://upload.wikimedia.org/wikipedia/commons/thumb/9/9a/Flag_of_Tonga.svg/220px-Flag_of_Tonga.svg.png
Togo,https://upload.wikimedia.org/wikipedia/commons/thumb/7/7a/Flag_of_Togo_%283-2%29.svg/220px-Flag_of_Togo_%283-2%29.svg.png
Trinidad and Tobago,https://upload.wikimedia.org/wikipedia/commons/thumb/6/64/Flag_of_Trinidad_and_Tobago.svg/220px-Flag_of_Trinidad_and_Tobago.svg.png
Tunisia,https://upload.wikimedia.org/wikipedia/commons/thumb/c/ce/Flag_of_Tunisia.svg/220px-Flag_of_Tunisia.svg.png
Turkey,https://upload.wikimedia.org/wikipedia/commons/thumb/b/b4/Flag_of_Turkey.svg/220px-Flag_of_Turkey.svg.png
Turkmenistan,https://upload.wikimedia.org/wikipedia/commons/thumb/1/1b/Flag_of_Turkmenistan.svg/220px-Flag_of_Turkmenistan.svg.png
Tuvalu,https://upload.wikimedia.org/wikipedia/commons/thumb/3/38/Flag_of_Tuvalu.svg/220px-Flag_of_Tuvalu.svg.png
Uganda,https://upload.wikimedia.org/wikipedia/commons/thumb/4/4e/Flag_of_Uganda.svg/220px-Flag_of_Uganda.svg.png
Ukraine,https://upload.wikimedia.org/wikipedia/commons/thumb/4/49/Flag_of_Ukraine.svg/220px-Flag_of_Ukraine.svg.png
United Arab Emirates,https://upload.wikimedia.org/wikipedia/commons/thumb/c/cb/Flag_of_the_United_Arab_Emirates.svg/220px-Flag_of_the_United_Arab_Emirates.svg.png
United Kingdom,https://upload.wikimedia.org/wikipedia/en/thumb/a/ae/Flag_of_the_United_Kingdom.svg/220px-Flag_of_the_United_Kingdom.svg.png
United States,https://upload.wikimedia.org/wikipedia/en/thumb/a/a4/Flag_of_the_United_States.svg/220px-Flag_of_the_United_States.svg.png
Uruguay,https://upload.wikimedia.org/wikipedia/commons/thumb/f/fe/Flag_of_Uruguay.svg/220px-Flag_of_Uruguay.svg.png
Uzbekistan,https://upload.wikimedia.org/wikipedia/commons/thumb/8/84/Flag_of_Uzbekistan.svg/220px-Flag_of_Uzbekistan.svg.png
Vanuatu,https://upload.wikimedia.org/wikipedia/commons/thumb/b/bc/Flag_of_Vanuatu.svg/220px-Flag_of_Vanuatu.svg.png
Vatican City,https://upload.wikimedia.org/wikipedia/commons/thumb/b/b3/Flag_of_Vatican_City_%282023%E2%80%93present%29.svg/220px-Flag_of_Vatican_City_%282023%E2%80%93present%29.svg.png
Vietnam,https://upload.wikimedia.org/wikipedia/commons/thumb/2/21/Flag_of_Vietnam.svg/220px-Flag_of_Vietnam.svg.png
Yemen,https://upload.wikimedia.org/wikipedia/commons/thumb/8/89/Flag_of_Yemen.svg/220px-Flag_of_Yemen.svg.png
Zambia,https://upload.wikimedia.org/wikipedia/commons/thumb/0/06/Flag_of_Zambia.svg/220px-Flag_of_Zambia.svg.png
Zimbabwe,https://upload.wikimedia.org/wikipedia/commons/thumb/6/6a/Flag_of_Zimbabwe.svg/220px-Flag_of_Zimbabwe.svg.png
Aerican Empire,https://upload.wikimedia.org/wikipedia/commons/thumb/d/d2/Flag_of_Aerica.svg/120px-Flag_of_Aerica.svg.png
Principality Aigues-Mortes,https://upload.wikimedia.org/wikipedia/commons/thumb/1/1c/Flag_of_Principality_of_Aigues-Mortes.svg/120px-Flag_of_Principality_of_Aigues-Mortes.svg.png
Akhzivland,https://upload.wikimedia.org/wikipedia/commons/thumb/f/f6/Flag_of_Akhzivland.svg/120px-Flag_of_Akhzivland.svg.png
Kingdom Araucanía and Patagonia,https://upload.wikimedia.org/wikipedia/commons/thumb/0/06/Flag_of_the_Kingdom_of_Araucan%C3%ADa_and_Patagonia.svg/120px-Flag_of_the_Kingdom_of_Araucan%C3%ADa_and_Patagonia.svg.png
Asgardia,https://upload.wikimedia.org/wikipedia/commons/thumb/f/fc/Flag_of_the_Space_Kingdom_of_Asgardia.png/120px-Flag_of_the_Space_Kingdom_of_Asgardia.png
Empire Atlantium,https://upload.wikimedia.org/wikipedia/commons/thumb/2/2f/Bandera_d%27Atlantium.svg/120px-Bandera_d%27Atlantium.svg.png
Empire Austenasia,https://upload.wikimedia.org/wikipedia/commons/thumb/5/57/Flag_of_Austenasia.svg/120px-Flag_of_Austenasia.svg.png
Bir Tawil Empire,https://upload.wikimedia.org/wikipedia/commons/thumb/8/81/Flag_of_the_Bir_Tawil_Empire%2C_September_2017.png/120px-Flag_of_the_Bir_Tawil_Empire%2C_September_2017.png
Province Bumbunga,https://upload.wikimedia.org/wikipedia/commons/thumb/7/71/Flag_of_Bumbunga.svg/120px-Flag_of_Bumbunga.svg.png
Christiania,https://upload.wikimedia.org/wikipedia/commons/thumb/6/60/Flag_of_Christiania.svg/120px-Flag_of_Christiania.svg.png
Conch Republic,https://upload.wikimedia.org/wikipedia/commons/thumb/2/28/Flag_of_Key_West%2C_Florida.svg/120px-Flag_of_Key_West%2C_Florida.svg.png
Elgaland-Vargaland,https://upload.wikimedia.org/wikipedia/commons/thumb/a/a3/Elgaland-Vargaland_flag.png/120px-Elgaland-Vargaland_flag.png
Kingdom Elleore,https://upload.wikimedia.org/wikipedia/commons/thumb/9/95/Flag_of_Elleore.svg/120px-Flag_of_Elleore.svg.png
Enclava,https://upload.wikimedia.org/wikipedia/commons/thumb/3/3b/Flag_of_Enclava_%28simplified%29.png/120px-Flag_of_Enclava_%28simplified%29.png
Kingdom EnenKio,https://upload.wikimedia.org/wikipedia/commons/thumb/1/1c/Flag_of_EnenKio.svg/120px-Flag_of_EnenKio.svg.png
Filettino,https://upload.wikimedia.org/wikipedia/commons/thumb/6/65/Flag_of_the_Principality_of_Filettino.png/120px-Flag_of_the_Principality_of_Filettino.png
Grand Duchy Flandrensis,https://upload.wikimedia.org/wikipedia/commons/thumb/5/51/Flag_of_Flandrensis.svg/120px-Flag_of_Flandrensis.svg.png
Forvik,https://upload.wikimedia.org/wikipedia/commons/thumb/a/ab/Flag_of_Forvik.gif/120px-Flag_of_Forvik.gif
Glacier Republic,https://upload.wikimedia.org/wikipedia/commons/thumb/c/c4/Glacier_Republic_Flag.svg/120px-Glacier_Republic_Flag.svg.png
Principality Islandia,https://upload.wikimedia.org/wikipedia/commons/thumb/6/6a/Islandia-2.png/120px-Islandia-2.png
Republic Jamtland,https://upload.wikimedia.org/wikipedia/commons/thumb/0/09/Unofficial_Flag_of_Jamtland.svg/120px-Unofficial_Flag_of_Jamtland.svg.png
Kugelmugel,https://upload.wikimedia.org/wikipedia/commons/thumb/3/3a/Flag_of_Kugelmugel_in_Austria.png/120px-Flag_of_Kugelmugel_in_Austria.png
Kingdom L'Anse-Saint-Jean,https://upload.wikimedia.org/wikipedia/commons/thumb/4/4f/L%27Anse-Saint-Jean_bayra%C4%9F%C4%B1.png/120px-L%27Anse-Saint-Jean_bayra%C4%9F%C4%B1.png
Principality Laàs,https://upload.wikimedia.org/wikipedia/commons/thumb/7/73/Flag_of_the_Principality_of_La%C3%A0s.svg/120px-Flag_of_the_Principality_of_La%C3%A0s.svg.png
Ladonia,https://upload.wikimedia.org/wikipedia/commons/thumb/8/89/Flag_of_Ladonia_with_contours.svg/120px-Flag_of_Ladonia_with_contours.svg.png
Liberland,https://upload.wikimedia.org/wikipedia/commons/thumb/7/75/Flag_of_Liberland.svg/120px-Flag_of_Liberland.svg.png
Free Borough Llanrwst,https://upload.wikimedia.org/wikipedia/commons/thumb/d/d5/Flag_of_the_Free_Borough_of_Llanrwst.svg/120px-Flag_of_the_Free_Borough_of_Llanrwst.svg.png
Dominion Melchizedek,https://upload.wikimedia.org/wikipedia/commons/thumb/8/83/Flag_of_the_Dominion_of_Melchizedek.png/120px-Flag_of_the_Dominion_of_Melchizedek.png
Republic Molossia,https://upload.wikimedia.org/wikipedia/commons/thumb/c/c3/Flag_of_the_Republic_of_Molossia.svg/120px-Flag_of_the_Republic_of_Molossia.svg.png
Republic Morac-Songhrati-Meads,https://upload.wikimedia.org/wikipedia/commons/thumb/0/02/Flag_of_Morac-Songhrati-Meads.svg/120px-Flag_of_Morac-Songhrati-Meads.svg.png
Murrawarri Republic,https://upload.wikimedia.org/wikipedia/commons/thumb/5/57/Flag_of_Murrawarri_Republic.svg/120px-Flag_of_Murrawarri_Republic.svg.png
Naminara Republic,https://upload.wikimedia.org/wikipedia/commons/thumb/d/d6/Flag_of_the_Naminara_Republic.svg/120px-Flag_of_the_Naminara_Republic.svg.png
New Utopia,https://upload.wikimedia.org/wikipedia/commons/thumb/2/26/Flag_of_New_Utopia.svg/120px-Flag_of_New_Utopia.svg.png
Kingdom North Sudan,https://upload.wikimedia.org/wikipedia/commons/thumb/d/d5/Flag_of_the_Kingdom_of_North_Sudan.svg/120px-Flag_of_the_Kingdom_of_North_Sudan.svg.png
Nova Roma,https://upload.wikimedia.org/wikipedia/commons/thumb/6/66/Nova_Roma_Flag.svg/120px-Nova_Roma_Flag.svg.png
Nutopia,https://upload.wikimedia.org/wikipedia/commons/thumb/0/03/Flag_white.svg/120px-Flag_white.svg.png
Principality Ongal,https://upload.wikimedia.org/wikipedia/commons/thumb/f/f8/Principality_of_Ongal_-_National_flag.jpg/120px-Principality_of_Ongal_-_National_flag.jpg
Other World Kingdom,https://upload.wikimedia.org/wikipedia/en/thumb/e/e6/Flag_of_the_Other_World_Kingdom.svg/120px-Flag_of_the_Other_World_Kingdom.svg.png
Parva Domus Magna Quies,https://upload.wikimedia.org/wikipedia/commons/thumb/2/23/Bandera_Parva_Domus.svg/120px-Bandera_Parva_Domus.svg.png
Kingdom Redonda,https://upload.wikimedia.org/wikipedia/commons/thumb/2/27/Flag_of_the_Kingdom_of_Redonda.svg/120px-Flag_of_the_Kingdom_of_Redonda.svg.png
Holy Empire Reunion,https://upload.wikimedia.org/wikipedia/commons/thumb/c/c0/Flag_of_the_Holy_Empire_of_Reunion.svg/120px-Flag_of_the_Holy_Empire_of_Reunion.svg.png
Romanov Empire,https://upload.wikimedia.org/wikipedia/commons/thumb/e/e1/Naval_ensign_of_Russia.svg/120px-Naval_ensign_of_Russia.svg.png
Republic Saugeais,https://upload.wikimedia.org/wikipedia/commons/thumb/8/8c/Flag_of_Saugeais.svg/120px-Flag_of_Saugeais.svg.png
Principality Sealand,https://upload.wikimedia.org/wikipedia/commons/thumb/e/e5/Flag_of_Sealand.svg/120px-Flag_of_Sealand.svg.png
Principality Seborga,https://upload.wikimedia.org/wikipedia/commons/thumb/6/6d/Flag_of_the_Principality_of_Seborga_deprecated.svg/120px-Flag_of_the_Principality_of_Seborga_deprecated.svg.png
Principality Snake Hill,https://upload.wikimedia.org/wikipedia/commons/thumb/f/f0/Flag_of_the_Principality_of_Snake_Hill.svg/120px-Flag_of_the_Principality_of_Snake_Hill.svg.png
Kingdom Talossa,https://upload.wikimedia.org/wikipedia/commons/thumb/9/9b/Flag_of_the_Kingdom_of_Talossa.svg/120px-Flag_of_the_Kingdom_of_Talossa.svg.png
Kingdom Tavolara,https://upload.wikimedia.org/wikipedia/commons/thumb/2/21/Flag_of_Tavolara.svg/120px-Flag_of_Tavolara.svg.png
Republic Užupis,https://upload.wikimedia.org/wikipedia/commons/thumb/5/55/Flag_of_the_Republic_of_Uzupis.gif/120px-Flag_of_the_Republic_of_Uzupis.gif
Verdis,https://upload.wikimedia.org/wikipedia/commons/thumb/f/f1/Flag_of_Verdis.png/120px-Flag_of_Verdis.png
Republic Vevčani,https://upload.wikimedia.org/wikipedia/commons/thumb/9/97/Flag_of_Vev%C4%8Dani_Municipality%2C_North_Macedonia.svg/120px-Flag_of_Vev%C4%8Dani_Municipality%2C_North_Macedonia.svg.png
Kingdom Wallachia,https://upload.wikimedia.org/wikipedia/commons/thumb/6/66/Flag_of_the_Kingdom_of_Wallachia.svg/120px-Flag_of_the_Kingdom_of_Wallachia.svg.png
Washitaw Nation,https://upload.wikimedia.org/wikipedia/commons/thumb/e/e3/Flag_of_the_Washitaw_Nation.svg/120px-Flag_of_the_Washitaw_Nation.svg.png
Westarctica,https://upload.wikimedia.org/wikipedia/commons/thumb/d/de/Flag_of_Westarctica.png/120px-Flag_of_Westarctica.png
Wirtland,https://upload.wikimedia.org/wikipedia/commons/thumb/9/9f/Wirtland_flag.svg/120px-Wirtland_flag.svg.png
Principality Wy,https://upload.wikimedia.org/wikipedia/commons/thumb/1/17/Flag_of_the_Principality_of_Wy.svg/120px-Flag_of_the_Principality_of_Wy.svg.png
Kingdom Yellow Mountain,https://upload.wikimedia.org/wikipedia/commons/thumb/b/b1/%D8%A8%D8%A6%D8%B1_%D8%B7%D9%88%D9%8A%D9%84_%D8%A8%D9%8A%D8%B1_%D8%B7%D9%88%D9%8A%D9%84.png/120px-%D8%A8%D8%A6%D8%B1_%D8%B7%D9%88%D9%8A%D9%84_%D8%A8%D9%8A%D8%B1_%D8%B7%D9%88%D9%8A%D9%84.png
Yidindji,https://upload.wikimedia.org/wikipedia/commons/thumb/6/6e/Sovereign_Yidindji_Government_flag.png/120px-Sovereign_Yidindji_Government_flag.png
Zaqistan,https://upload.wikimedia.org/wikipedia/commons/thumb/a/ae/Zaqistan_flag.png/120px-Zaqistan_flag.png
Aeterna Lucina,https://upload.wikimedia.org/wikipedia/commons/thumb/7/76/Flag_of_Aeterna_Lucina.svg/120px-Flag_of_Aeterna_Lucina.svg.png
Independent State Aramoana,https://upload.wikimedia.org/wikipedia/commons/thumb/9/92/Flag_of_Aramoana.svg/120px-Flag_of_Aramoana.svg.png
Celestia,https://upload.wikimedia.org/wikipedia/commons/thumb/6/6b/Flag_of_Celestia.svg/120px-Flag_of_Celestia.svg.png
Republic Fredonia,https://upload.wikimedia.org/wikipedia/commons/thumb/9/9b/Fredonian_Rebellion_Flag_of_1826.svg/120px-Fredonian_Rebellion_Flag_of_1826.svg.png
Freedomland,https://upload.wikimedia.org/wikipedia/commons/thumb/b/bb/Flag_of_Freedomland.jpg/120px-Flag_of_Freedomland.jpg
Principality Freedonia,https://upload.wikimedia.org/wikipedia/commons/thumb/5/58/Flag_of_Freedonia.svg/120px-Flag_of_Freedonia.svg.png
Frestonia,https://upload.wikimedia.org/wikipedia/commons/thumb/2/2d/Flag_of_Frestonia.svg/120px-Flag_of_Frestonia.svg.png
Gay and Lesbian Kingdom the Coral Sea Islands,https://upload.wikimedia.org/wikipedia/commons/thumb/4/48/Gay_Pride_Flag.svg/120px-Gay_Pride_Flag.svg.png
Kingdom Humanity,https://upload.wikimedia.org/wikipedia/commons/thumb/6/66/Flag_of_the_Kingdom_of_Humanity.svg/120px-Flag_of_the_Kingdom_of_Humanity.svg.png
Principality Hutt River,https://upload.wikimedia.org/wikipedia/commons/thumb/7/70/Hutt_River_Flag.svg/120px-Hutt_River_Flag.svg.png
Keraton Agung Sejagat,https://upload.wikimedia.org/wikipedia/commons/thumb/b/b5/Majapahit_fictitious_flag.svg/120px-Majapahit_fictitious_flag.svg.png
Republic Koneuwe,https://upload.wikimedia.org/wikipedia/commons/thumb/5/5f/Flag_of_Principality_of_Freedomland_and_Republic_of_Koneuwe.png/120px-Flag_of_Principality_of_Freedomland_and_Republic_of_Koneuwe.png
Kingdom Lovely,https://upload.wikimedia.org/wikipedia/commons/thumb/e/ef/Flag_of_Lovely.svg/120px-Flag_of_Lovely.svg.png
Sultanate M'Simbati,https://upload.wikimedia.org/wikipedia/commons/thumb/1/1d/Sultanate_of_M%27Simbati_flag.svg/120px-Sultanate_of_M%27Simbati_flag.svg.png
Principality Marlborough,https://upload.wikimedia.org/wikipedia/commons/thumb/c/c5/Royal_Banner_of_Scotland.svg/120px-Royal_Banner_of_Scotland.svg.png
Republic Minerva,https://upload.wikimedia.org/wikipedia/commons/thumb/0/03/Flag_Minerva.svg/120px-Flag_Minerva.svg.png
New Atlantis,https://upload.wikimedia.org/wikipedia/commons/thumb/3/32/Flag_of_New_Atlantis_%281964%E2%80%931966%29.svg/120px-Flag_of_New_Atlantis_%281964%E2%80%931966%29.svg.png
Principality Outer Baldonia,https://upload.wikimedia.org/wikipedia/commons/thumb/f/f2/Flag_of_Outer_Baldonia.svg/120px-Flag_of_Outer_Baldonia.svg.png
Republic Perloja,https://upload.wikimedia.org/wikipedia/commons/thumb/0/07/Flag_of_the_Republic_of_Perloja.svg/120px-Flag_of_the_Republic_of_Perloja.svg.png
Islands Refreshment,https://upload.wikimedia.org/wikipedia/commons/thumb/4/47/Flag_of_the_Islands_of_Refreshment.svg/120px-Flag_of_the_Islands_of_Refreshment.svg.png
Republic Rose Island,https://upload.wikimedia.org/wikipedia/commons/thumb/a/a0/Rose_Island_Micronation_flag.svg/120px-Rose_Island_Micronation_flag.svg.png
Rüterberg,https://upload.wikimedia.org/wikipedia/commons/thumb/e/ec/Flagge_Rueterberg.svg/120px-Flagge_Rueterberg.svg.png
State Scott,https://upload.wikimedia.org/wikipedia/commons/thumb/1/1f/Flag_of_the_United_States_%281861-1863%29.svg/120px-Flag_of_the_United_States_%281861-1863%29.svg.png
Kingdom Sedang,https://upload.wikimedia.org/wikipedia/commons/thumb/1/19/Flag_of_Sedang.svg/120px-Flag_of_Sedang.svg.png
Sunda Empire,https://upload.wikimedia.org/wikipedia/commons/thumb/f/f2/Sunda_Empire_Flag_Vector.svg/120px-Sunda_Empire_Flag_Vector.svg.png
Principality Trinidad,https://upload.wikimedia.org/wikipedia/commons/thumb/3/3d/Flag_of_the_Principality_of_Trinidad.svg/120px-Flag_of_the_Principality_of_Trinidad.svg.png
Kingdom Vikesland,https://upload.wikimedia.org/wikipedia/commons/thumb/0/03/NewFlagVikesland.png/120px-NewFlagVikesland.png
Global State Waveland,https://upload.wikimedia.org/wikipedia/commons/thumb/7/76/Flag_of_Waveland.svg/120px-Flag_of_Waveland.svg.png
"Tokyo, Japan",https://upload.wikimedia.org/wikipedia/commons/thumb/1/15/Flag_of_Tokyo_Metropolis.svg/150px-Flag_of_Tokyo_Metropolis.svg.png
"Delhi, India",https://upload.wikimedia.org/wikipedia/commons/thumb/d/dc/Flag_of_Delhi_Capital_Territory.svg/150px-Flag_of_Delhi_Capital_Territory.svg.png
"São Paulo, Brazil",https://upload.wikimedia.org/wikipedia/commons/thumb/4/4b/Bandeira_da_cidade_de_S%C3%A3o_Paulo.svg/143px-Bandeira_da_cidade_de_S%C3%A3o_Paulo.svg.png
"Mexico City, Mexico",https://upload.wikimedia.org/wikipedia/commons/thumb/b/b3/Flag_of_Mexico_City%2C_Mexico.svg/150px-Flag_of_Mexico_City%2C_Mexico.svg.png
"Cairo, Egypt",https://upload.wikimedia.org/wikipedia/commons/thumb/4/48/Flag_of_cairo.png/150px-Flag_of_cairo.png
"Osaka, Japan",https://upload.wikimedia.org/wikipedia/commons/thumb/6/65/Flag_of_Osaka%2C_Osaka.svg/150px-Flag_of_Osaka%2C_Osaka.svg.png
"New York City, United States",https://upload.wikimedia.org/wikipedia/commons/thumb/b/ba/Flag_of_New_York_City.svg/150px-Flag_of_New_York_City.svg.png
"Buenos Aires, Argentina",https://upload.wikimedia.org/wikipedia/commons/thumb/f/f5/Bandera_de_la_Ciudad_de_Buenos_Aires.svg/150px-Bandera_de_la_Ciudad_de_Buenos_Aires.svg.png
"Manila, Philippines",https://upload.wikimedia.org/wikipedia/commons/thumb/4/48/Flag_of_Manila.svg/150px-Flag_of_Manila.svg.png
"Lagos, Nigeria",https://upload.wikimedia.org/wikipedia/commons/thumb/5/57/Lagos_Flag.gif/150px-Lagos_Flag.gif
"Rio de Janeiro, Brazil",https://upload.wikimedia.org/wikipedia/commons/thumb/a/a9/Bandeira_da_cidade_do_Rio_de_Janeiro.svg/143px-Bandeira_da_cidade_do_Rio_de_Janeiro.svg.png
"Kinshasa, Democratic Republic the Congo",https://upload.wikimedia.org/wikipedia/commons/thumb/1/1b/Flag_of_Kinshasa%2C_DRC.svg/150px-Flag_of_Kinshasa%2C_DRC.svg.png
"Los Angeles, United States",https://upload.wikimedia.org/wikipedia/commons/thumb/8/85/Flag_of_Los_Angeles%2C_California.svg/150px-Flag_of_Los_Angeles%2C_California.svg.png
"Moscow, Russia",https://upload.wikimedia.org/wikipedia/commons/thumb/0/03/Flag_of_Moscow%2C_Russia.svg/150px-Flag_of_Moscow%2C_Russia.svg.png
"Paris, France",https://upload.wikimedia.org/wikipedia/commons/thumb/7/75/Flag_of_Paris_with_coat_of_arms.svg/150px-Flag_of_Paris_with_coat_of_arms.svg.png
"Bogotá, Colombia",https://upload.wikimedia.org/wikipedia/commons/thumb/9/9e/Flag_of_Bogot%C3%A1.svg/150px-Flag_of_Bogot%C3%A1.svg.png
"Jakarta, Indonesia",https://upload.wikimedia.org/wikipedia/commons/thumb/8/8e/Flag_of_Jakarta_%28vectorised%29.svg/143px-Flag_of_Jakarta_%28vectorised%29.svg.png
"Lima, Peru",https://upload.wikimedia.org/wikipedia/commons/thumb/c/c2/Flag_of_Lima.svg/150px-Flag_of_Lima.svg.png
"Bangkok, Thailand",https://upload.wikimedia.org/wikipedia/commons/thumb/b/b6/Flag_of_Bangkok.svg/150px-Flag_of_Bangkok.svg.png
"Seoul, South Korea",https://upload.wikimedia.org/wikipedia/commons/thumb/c/ca/Flag_of_Seoul.svg/150px-Flag_of_Seoul.svg.png
"Nagoya, Japan",https://upload.wikimedia.org/wikipedia/commons/thumb/7/7d/Flag_of_Nagoya%2C_Aichi.svg/150px-Flag_of_Nagoya%2C_Aichi.svg.png
"London, United Kingdom[N 1]",https://upload.wikimedia.org/wikipedia/commons/thumb/c/c7/Flag_of_the_City_of_London.svg/150px-Flag_of_the_City_of_London.svg.png
"Tehran, Iran",https://upload.wikimedia.org/wikipedia/commons/thumb/3/33/Flag_of_Tehran.svg/150px-Flag_of_Tehran.svg.png
"Chicago, United States",https://upload.wikimedia.org/wikipedia/commons/thumb/9/9b/Flag_of_Chicago%2C_Illinois.svg/150px-Flag_of_Chicago%2C_Illinois.svg.png
"Kuala Lumpur, Malaysia",https://upload.wikimedia.org/wikipedia/commons/thumb/6/64/Flag_of_Kuala_Lumpur%2C_Malaysia.svg/150px-Flag_of_Kuala_Lumpur%2C_Malaysia.svg.png
"Hong Kong, China",https://upload.wikimedia.org/wikipedia/commons/thumb/5/5b/Flag_of_Hong_Kong.svg/150px-Flag_of_Hong_Kong.svg.png
"Santiago, Chile",https://upload.wikimedia.org/wikipedia/commons/thumb/c/ca/Flag_of_Santiago%2C_Chile.svg/150px-Flag_of_Santiago%2C_Chile.svg.png
"Madrid, Spain",https://upload.wikimedia.org/wikipedia/commons/thumb/d/d7/Bandera_de_la_ciudad_de_Madrid.svg/150px-Bandera_de_la_ciudad_de_Madrid.svg.png
"Houston, United States",https://upload.wikimedia.org/wikipedia/commons/thumb/7/7f/Flag_of_Houston%2C_Texas.svg/150px-Flag_of_Houston%2C_Texas.svg.png
"Dallas, United States",https://upload.wikimedia.org/wikipedia/commons/thumb/9/9e/Flag_of_Dallas.svg/150px-Flag_of_Dallas.svg.png
"Toronto, Canada",https://upload.wikimedia.org/wikipedia/commons/thumb/f/f2/Flag_of_Toronto%2C_Canada.svg/150px-Flag_of_Toronto%2C_Canada.svg.png
"Miami, United States",https://upload.wikimedia.org/wikipedia/commons/thumb/e/ea/Flag_of_Miami%2C_Florida.svg/150px-Flag_of_Miami%2C_Florida.svg.png
"Belo Horizonte, Brazil",https://upload.wikimedia.org/wikipedia/commons/thumb/9/9c/Bandeira-de-Belo-Horizonte.svg/146px-Bandeira-de-Belo-Horizonte.svg.png
Singapore,https://upload.wikimedia.org/wikipedia/commons/thumb/4/48/Flag_of_Singapore.svg/150px-Flag_of_Singapore.svg.png
"Philadelphia, United States",https://upload.wikimedia.org/wikipedia/commons/thumb/5/5d/Flag_of_Philadelphia%2C_Pennsylvania.svg/150px-Flag_of_Philadelphia%2C_Pennsylvania.svg.png
"Atlanta, United States",https://upload.wikimedia.org/wikipedia/commons/thumb/1/17/Flag_of_Atlanta.svg/150px-Flag_of_Atlanta.svg.png
"Fukuoka, Japan",https://upload.wikimedia.org/wikipedia/commons/thumb/9/98/Flag_of_Fukuoka_City.svg/150px-Flag_of_Fukuoka_City.svg.png
"Barcelona, Spain",https://upload.wikimedia.org/wikipedia/commons/thumb/f/f8/Flag_of_Barcelona.svg/150px-Flag_of_Barcelona.svg.png
"Johannesburg, South Africa",https://upload.wikimedia.org/wikipedia/commons/thumb/4/43/Flag_of_Johannesburg%2C_South_Africa.svg/150px-Flag_of_Johannesburg%2C_South_Africa.svg.png
"Saint Petersburg, Russia",https://upload.wikimedia.org/wikipedia/commons/thumb/c/ca/Flag_of_Saint_Petersburg.svg/150px-Flag_of_Saint_Petersburg.svg.png
"Washington, D.C., United States",https://upload.wikimedia.org/wikipedia/commons/thumb/0/03/Flag_of_Washington%2C_D.C.svg/150px-Flag_of_Washington%2C_D.C.svg.png
"Yangon, Myanmar",https://upload.wikimedia.org/wikipedia/commons/thumb/c/c3/Flag_of_Yangon_Region.svg/150px-Flag_of_Yangon_Region.svg.png
"Alexandria, Egypt",https://upload.wikimedia.org/wikipedia/commons/thumb/e/e6/Flag_of_Alexandria.svg/150px-Flag_of_Alexandria.svg.png
"Guadalajara, Mexico",https://upload.wikimedia.org/wikipedia/commons/thumb/4/44/Flag_of_Guadalajara%2C_MX.svg/150px-Flag_of_Guadalajara%2C_MX.svg.png
"Sydney, Australia",https://upload.wikimedia.org/wikipedia/commons/thumb/8/84/City_of_Sydney_Flag.svg/150px-City_of_Sydney_Flag.svg.png
"Melbourne, Australia",https://upload.wikimedia.org/wikipedia/commons/thumb/6/6f/Flag_of_Melbourne.svg/150px-Flag_of_Melbourne.svg.png
Christmas Island,https://upload.wikimedia.org/wikipedia/commons/thumb/6/67/Flag_of_Christmas_Island.svg/180px-Flag_of_Christmas_Island.svg.png
Cocos (Keeling) Islands,https://upload.wikimedia.org/wikipedia/commons/thumb/7/74/Flag_of_the_Cocos_%28Keeling%29_Islands.svg/180px-Flag_of_the_Cocos_%28Keeling%29_Islands.svg.png
Norfolk Island,https://upload.wikimedia.org/wikipedia/commons/thumb/4/48/Flag_of_Norfolk_Island.svg/180px-Flag_of_Norfolk_Island.svg.png
Easter Island,https://upload.wikimedia.org/wikipedia/commons/thumb/d/d8/Flag_of_Rapa_Nui%2C_Chile.svg/160px-Flag_of_Rapa_Nui%2C_Chile.svg.png
Juan Fernández Islands,https://upload.wikimedia.org/wikipedia/commons/thumb/6/66/Bandera_Juan_Fern%C3%A1ndez.svg/150px-Bandera_Juan_Fern%C3%A1ndez.svg.png
Hong Kong,https://upload.wikimedia.org/wikipedia/commons/thumb/5/5b/Flag_of_Hong_Kong.svg/150px-Flag_of_Hong_Kong.svg.png
Macau,https://upload.wikimedia.org/wikipedia/commons/thumb/6/63/Flag_of_Macau.svg/150px-Flag_of_Macau.svg.png
Faroe Islands,https://upload.wikimedia.org/wikipedia/commons/thumb/3/3c/Flag_of_the_Faroe_Islands.svg/138px-Flag_of_the_Faroe_Islands.svg.png
Greenland,https://upload.wikimedia.org/wikipedia/commons/thumb/0/09/Flag_of_Greenland.svg/150px-Flag_of_Greenland.svg.png
Åland,https://upload.wikimedia.org/wikipedia/commons/thumb/5/52/Flag_of_%C3%85land.svg/153px-Flag_of_%C3%85land.svg.png
French Polynesia,https://upload.wikimedia.org/wikipedia/commons/thumb/d/db/Flag_of_French_Polynesia.svg/150px-Flag_of_French_Polynesia.svg.png
Administrator theFrench Southern and Antarctic Lands(2005–present),https://upload.wikimedia.org/wikipedia/commons/thumb/a/a7/Flag_of_the_French_Southern_and_Antarctic_Lands.svg/150px-Flag_of_the_French_Southern_and_Antarctic_Lands.svg.png
New Caledonia(co- ficial),https://upload.wikimedia.org/wikipedia/commons/thumb/6/66/Flag_of_FLNKS.svg/180px-Flag_of_FLNKS.svg.png
Wallis and Futuna(semi- ficial),https://upload.wikimedia.org/wikipedia/commons/thumb/d/d2/Flag_of_Wallis_and_Futuna.svg/150px-Flag_of_Wallis_and_Futuna.svg.png
Martinique,https://upload.wikimedia.org/wikipedia/commons/thumb/2/27/Flag-of-Martinique.svg/150px-Flag-of-Martinique.svg.png
Aruba,https://upload.wikimedia.org/wikipedia/commons/thumb/f/f6/Flag_of_Aruba.svg/150px-Flag_of_Aruba.svg.png
Curaçao,https://upload.wikimedia.org/wikipedia/commons/thumb/b/b1/Flag_of_Cura%C3%A7ao.svg/150px-Flag_of_Cura%C3%A7ao.svg.png
Sint Maarten,https://upload.wikimedia.org/wikipedia/commons/thumb/d/d3/Flag_of_Sint_Maarten.svg/150px-Flag_of_Sint_Maarten.svg.png
Bonaire,https://upload.wikimedia.org/wikipedia/commons/thumb/1/1e/Flag_of_Bonaire.svg/150px-Flag_of_Bonaire.svg.png
Sint Eustatius,https://upload.wikimedia.org/wikipedia/commons/thumb/0/08/Flag_of_Sint_Eustatius.svg/150px-Flag_of_Sint_Eustatius.svg.png
Saba,https://upload.wikimedia.org/wikipedia/commons/thumb/5/5a/Flag_of_Saba.svg/150px-Flag_of_Saba.svg.png
Cook Islands,https://upload.wikimedia.org/wikipedia/commons/thumb/3/35/Flag_of_the_Cook_Islands.svg/180px-Flag_of_the_Cook_Islands.svg.png
Niue,https://upload.wikimedia.org/wikipedia/commons/thumb/0/01/Flag_of_Niue.svg/180px-Flag_of_Niue.svg.png
Tokelau,https://upload.wikimedia.org/wikipedia/commons/thumb/8/8e/Flag_of_Tokelau.svg/180px-Flag_of_Tokelau.svg.png
Azores,https://upload.wikimedia.org/wikipedia/commons/thumb/6/6c/Flag_of_the_Azores.svg/150px-Flag_of_the_Azores.svg.png
Madeira,https://upload.wikimedia.org/wikipedia/commons/thumb/a/a4/Flag_of_Madeira.svg/150px-Flag_of_Madeira.svg.png
Ceuta,https://upload.wikimedia.org/wikipedia/commons/thumb/d/d3/Flag_of_Ceuta.svg/150px-Flag_of_Ceuta.svg.png
Melilla,https://upload.wikimedia.org/wikipedia/commons/thumb/f/f7/Flag_of_Melilla.svg/150px-Flag_of_Melilla.svg.png
Canary Islands,https://upload.wikimedia.org/wikipedia/commons/thumb/b/b0/Flag_of_the_Canary_Islands.svg/150px-Flag_of_the_Canary_Islands.svg.png
Anguilla,https://upload.wikimedia.org/wikipedia/commons/thumb/b/b4/Flag_of_Anguilla.svg/180px-Flag_of_Anguilla.svg.png
Bermuda,https://upload.wikimedia.org/wikipedia/commons/thumb/b/bf/Flag_of_Bermuda.svg/180px-Flag_of_Bermuda.svg.png
British Antarctic Territory,https://upload.wikimedia.org/wikipedia/commons/thumb/f/fd/Flag_of_the_British_Antarctic_Territory.svg/180px-Flag_of_the_British_Antarctic_Territory.svg.png
British Indian Ocean Territory,https://upload.wikimedia.org/wikipedia/commons/thumb/6/65/Flag_of_the_Commissioner_of_the_British_Indian_Ocean_Territory.svg/180px-Flag_of_the_Commissioner_of_the_British_Indian_Ocean_Territory.svg.png
British Virgin Islands,https://upload.wikimedia.org/wikipedia/commons/thumb/4/42/Flag_of_the_British_Virgin_Islands.svg/180px-Flag_of_the_British_Virgin_Islands.svg.png
Cayman Islands,https://upload.wikimedia.org/wikipedia/commons/thumb/0/0f/Flag_of_the_Cayman_Islands.svg/180px-Flag_of_the_Cayman_Islands.svg.png
Falkland Islands,https://upload.wikimedia.org/wikipedia/commons/thumb/8/83/Flag_of_the_Falkland_Islands.svg/180px-Flag_of_the_Falkland_Islands.svg.png
Gibraltar,https://upload.wikimedia.org/wikipedia/commons/thumb/0/02/Flag_of_Gibraltar.svg/180px-Flag_of_Gibraltar.svg.png
Montserrat,https://upload.wikimedia.org/wikipedia/commons/thumb/d/d0/Flag_of_Montserrat.svg/180px-Flag_of_Montserrat.svg.png
Pitcairn Islands,https://upload.wikimedia.org/wikipedia/commons/thumb/8/88/Flag_of_the_Pitcairn_Islands.svg/180px-Flag_of_the_Pitcairn_Islands.svg.png
South Georgia and the South Sandwich Islands,https://upload.wikimedia.org/wikipedia/commons/thumb/e/ed/Flag_of_South_Georgia_and_the_South_Sandwich_Islands.svg/180px-Flag_of_South_Georgia_and_the_South_Sandwich_Islands.svg.png
Turks and Caicos Islands,https://upload.wikimedia.org/wikipedia/commons/thumb/a/a0/Flag_of_the_Turks_and_Caicos_Islands.svg/180px-Flag_of_the_Turks_and_Caicos_Islands.svg.png
Saint Helena,https://upload.wikimedia.org/wikipedia/commons/thumb/0/00/Flag_of_Saint_Helena.svg/180px-Flag_of_Saint_Helena.svg.png
Ascension Island,https://upload.wikimedia.org/wikipedia/commons/thumb/6/65/Flag_of_Ascension_Island.svg/180px-Flag_of_Ascension_Island.svg.png
Tristan da Cunha,https://upload.wikimedia.org/wikipedia/commons/thumb/8/89/Flag_of_Tristan_da_Cunha.svg/180px-Flag_of_Tristan_da_Cunha.svg.png
Guernsey,https://upload.wikimedia.org/wikipedia/commons/thumb/f/fa/Flag_of_Guernsey.svg/150px-Flag_of_Guernsey.svg.png
Isle Man,https://upload.wikimedia.org/wikipedia/commons/thumb/5/5d/Flag_of_the_Isle_of_Mann.svg/180px-Flag_of_the_Isle_of_Mann.svg.png
Jersey,https://upload.wikimedia.org/wikipedia/commons/thumb/1/1c/Flag_of_Jersey.svg/167px-Flag_of_Jersey.svg.png
American Samoa,https://upload.wikimedia.org/wikipedia/commons/thumb/8/87/Flag_of_American_Samoa.svg/180px-Flag_of_American_Samoa.svg.png
Guam,https://upload.wikimedia.org/wikipedia/commons/thumb/0/07/Flag_of_Guam.svg/180px-Flag_of_Guam.svg.png
Northern Mariana Islands,https://upload.wikimedia.org/wikipedia/commons/thumb/e/e0/Flag_of_the_Northern_Mariana_Islands.svg/180px-Flag_of_the_Northern_Mariana_Islands.svg.png
Puerto Rico,https://upload.wikimedia.org/wikipedia/commons/thumb/2/28/Flag_of_Puerto_Rico.svg/150px-Flag_of_Puerto_Rico.svg.png
U.S. Virgin Islands,https://upload.wikimedia.org/wikipedia/commons/thumb/f/f8/Flag_of_the_United_States_Virgin_Islands.svg/150px-Flag_of_the_United_States_Virgin_Islands.svg.png
